"","mean","median","sd","skew","kurtosis"
"pop",29601212.3251174,7023595.5,106157896.746828,8.32553997787951,77.6214414169265
"lifeExp",59.4744393661972,60.7125,12.9171074152412,-0.252257533711011,-1.12909847735473
"gdpPercap",7215.32708121197,3531.8469885,9857.45454254157,3.84349604253895,27.3959949159516
