"median","sd","skew","kurtosis","se"
5.40393481450156,1.14447164648734,-0.0987225739519108,-1.39751697314587,0.255911639986679
7,1.68272961207926,0.0856282662981194,-1.54054197012203,0.376269780036108
0.232204109888311,1.00642755251422,-0.857885033614046,-0.186394141042655,0.225044042185053
